{
  "jobs": [
    {
      "title": "Senior/Staff Backend Engineer",
      "address": "Canada",
      "timeAgo": "2 minutes ago",
      "companyLogo": "assets/icons8-python-64.png",
      "type": "Full Time",
      "experienceLevel": "Senior level",
      "experienceLevelColor": "ff0000",
      "isMyFav": false,
      "description":"We are seeking a motivated sales representative to drive sales and build relationships with potential clients. The ideal candidate should have a proven track record in sales and excellent interpersonal skills.",
      "requirements":"Minimum of 2 years of sales experience, Strong negotiation and communication skills, Self-motivated and target-driven"
    },
    {
      "title": "junior Node.js Developer",
      "address": "Nelson, BC",
      "timeAgo": "1 hours ago",
      "companyLogo": "assets/icons8-python-64.png",
      "type": "Full Time",
      "experienceLevel": "Entry level",
      "experienceLevelColor": "92D88B",
      "isMyFav": false,
      "description":"We are seeking a motivated sales representative to drive sales and build relationships with potential clients. The ideal candidate should have a proven track record in sales and excellent interpersonal skills.",
      "requirements":"Minimum of 2 years of sales experience, Strong negotiation and communication skills, Self-motivated and target-driven"
    },
    {
      "title": "Senior Software Engineer",
      "address": "Vancouver, BC",
      "timeAgo": "2 hours ago",
      "companyLogo": "assets/icons8-python-64.png",
      "type": "Full Time",
      "experienceLevel": "Mid-Senior level",
      "experienceLevelColor": "4495FF",
      "isMyFav": false,
      "description":"We are seeking a motivated sales representative to drive sales and build relationships with potential clients. The ideal candidate should have a proven track record in sales and excellent interpersonal skills.",
      "requirements":"Minimum of 2 years of sales experience, Strong negotiation and communication skills, Self-motivated and target-driven"
    },
    {
      "title": "Senior Front-End Engineer",
      "address": "Calgary, AB",
      "timeAgo": "4 days ago",
      "companyLogo": "assets/icons8-python-64.png",
      "type": "Full Time",
      "experienceLevel": "Associate",
      "experienceLevelColor": "0000ff",
      "isMyFav": false,
      "description":"We are seeking a motivated sales representative to drive sales and build relationships with potential clients. The ideal candidate should have a proven track record in sales and excellent interpersonal skills.",
      "requirements":"Minimum of 2 years of sales experience, Strong negotiation and communication skills, Self-motivated and target-driven"
    },
    {
      "title": "Senior Software Engineer",
      "address": "Vancouver, BC",
      "timeAgo": "2 weeks ago",
      "companyLogo": "assets/icons8-python-64.png",
      "type": "Full Time",
      "experienceLevel": "Associate",
      "experienceLevelColor": "0000ff",
      "isMyFav": false,
      "description":"We are seeking a motivated sales representative to drive sales and build relationships with potential clients. The ideal candidate should have a proven track record in sales and excellent interpersonal skills.",
      "requirements":"Minimum of 2 years of sales experience, Strong negotiation and communication skills, Self-motivated and target-driven"
    },
    {
      "title": "junior Node.js Developer",
      "address": "Nelson, BC",
      "timeAgo": "1 hours ago",
      "companyLogo": "assets/icons8-python-64.png",
      "type": "Full Time",
      "experienceLevel": "Entry level",
      "experienceLevelColor": "92D88B",
      "isMyFav": false,
      "description":"We are seeking a motivated sales representative to drive sales and build relationships with potential clients. The ideal candidate should have a proven track record in sales and excellent interpersonal skills.",
      "requirements":"Minimum of 2 years of sales experience, Strong negotiation and communication skills, Self-motivated and target-driven"
    },
    {
      "title": "Senior/Staff Backend Engineer",
      "address": "Canada",
      "timeAgo": "2 minutes ago",
      "companyLogo": "assets/icons8-python-64.png",
      "type": "Full Time",
      "experienceLevel": "Senior level",
      "experienceLevelColor": "ff0000",
      "isMyFav": false,
      "description":"We are seeking a motivated sales representative to drive sales and build relationships with potential clients. The ideal candidate should have a proven track record in sales and excellent interpersonal skills.",
      "requirements":"Minimum of 2 years of sales experience, Strong negotiation and communication skills, Self-motivated and target-driven"
    },
    {
      "title": "Senior Front-End Engineer",
      "address": "Calgary, AB",
      "timeAgo": "4 days ago",
      "companyLogo": "assets/icons8-python-64.png",
      "type": "Full Time",
      "experienceLevel": "Associate",
      "experienceLevelColor": "0000ff",
      "isMyFav": false,
      "description":"We are seeking a motivated sales representative to drive sales and build relationships with potential clients. The ideal candidate should have a proven track record in sales and excellent interpersonal skills.",
      "requirements":"Minimum of 2 years of sales experience, Strong negotiation and communication skills, Self-motivated and target-driven"
    },
    {
      "title": "Senior Software Engineer",
      "address": "Vancouver, BC",
      "timeAgo": "2 weeks ago",
      "companyLogo": "assets/icons8-python-64.png",
      "type": "Full Time",
      "experienceLevel": "Associate",
      "experienceLevelColor": "0000ff",
      "isMyFav": false,
      "description":"We are seeking a motivated sales representative to drive sales and build relationships with potential clients. The ideal candidate should have a proven track record in sales and excellent interpersonal skills.",
      "requirements":"Minimum of 2 years of sales experience, Strong negotiation and communication skills, Self-motivated and target-driven"
    },
    {
      "title": "Senior Software Engineer",
      "address": "Vancouver, BC",
      "timeAgo": "2 hours ago",
      "companyLogo": "assets/icons8-python-64.png",
      "type": "Full Time",
      "experienceLevel": "Mid-Senior level",
      "experienceLevelColor": "4495FF",
      "isMyFav": false,
      "description":"We are seeking a motivated sales representative to drive sales and build relationships with potential clients. The ideal candidate should have a proven track record in sales and excellent interpersonal skills.",
      "requirements":"Minimum of 2 years of sales experience, Strong negotiation and communication skills, Self-motivated and target-driven"
    }
  ]
}